<?xml version="1.0" encoding="UTF-8"?>
<document type="com.apple.InterfaceBuilder3.CocoaTouch.Storyboard.XIB" version="3.0" toolsVersion="19455" targetRuntime="iOS.CocoaTouch" propertyAccessControl="none" useAutolayout="YES" useTraitCollections="YES" useSafeAreas="YES" colorMatched="YES" initialViewController="BYZ-38-t0r">
    <device id="retina6_0" orientation="portrait" appearance="light"/>
    <dependencies>
        <plugIn identifier="com.apple.InterfaceBuilder.IBCocoaTouchPlugin" version="19454"/>
        <capability name="Safe area layout guides" minToolsVersion="9.0"/>
        <capability name="System colors in document resources" minToolsVersion="11.0"/>
        <capability name="documents saved in the Xcode 8 format" minToolsVersion="8.0"/>
    </dependencies>
    <scenes>
        <!--View Controller-->
        <scene sceneID="tne-QT-ifu">
            <objects>
                <viewController id="BYZ-38-t0r" customClass="ViewController" customModule="DrawGraphics" customModuleProvider="target" sceneMemberID="viewController">
                    <view key="view" contentMode="scaleToFill" id="8bC-Xf-vdC">
                        <rect key="frame" x="0.0" y="0.0" width="390" height="844"/>
                        <autoresizingMask key="autoresizingMask" widthSizable="YES" heightSizable="YES"/>
                        <subviews>
                            <stackView opaque="NO" contentMode="scaleToFill" axis="vertical" translatesAutoresizingMaskIntoConstraints="NO" id="hbc-Kr-jc4">
                                <rect key="frame" x="16" y="44" width="358" height="766"/>
                                <subviews>
                                    <stackView opaque="NO" contentMode="scaleToFill" distribution="fillEqually" translatesAutoresizingMaskIntoConstraints="NO" id="zXp-O1-IEx">
                                        <rect key="frame" x="0.0" y="0.0" width="358" height="40"/>
                                        <subviews>
                                            <button opaque="NO" contentMode="scaleToFill" contentHorizontalAlignment="center" contentVerticalAlignment="center" buttonType="system" lineBreakMode="middleTruncation" translatesAutoresizingMaskIntoConstraints="NO" id="rIw-Uq-YuS">
                                                <rect key="frame" x="0.0" y="0.0" width="71.666666666666671" height="40"/>
                                                <constraints>
                                                    <constraint firstAttribute="height" constant="40" id="Fbt-YE-8tC"/>
                                                </constraints>
                                                <inset key="imageEdgeInsets" minX="0.0" minY="0.0" maxX="2.2250738585072014e-308" maxY="0.0"/>
                                                <state key="normal" title="선"/>
                                                <connections>
                                                    <action selector="btnDrawLine:" destination="BYZ-38-t0r" eventType="touchUpInside" id="A6i-zw-QbW"/>
                                                </connections>
                                            </button>
                                            <button opaque="NO" contentMode="scaleToFill" contentHorizontalAlignment="center" contentVerticalAlignment="center" buttonType="system" lineBreakMode="middleTruncation" translatesAutoresizingMaskIntoConstraints="NO" id="EEc-fh-jYf">
                                                <rect key="frame" x="71.666666666666657" y="0.0" width="71.666666666666657" height="40"/>
                                                <constraints>
                                                    <constraint firstAttribute="height" constant="40" id="eVL-nd-oOr"/>
                                                </constraints>
                                                <inset key="imageEdgeInsets" minX="0.0" minY="0.0" maxX="2.2250738585072014e-308" maxY="0.0"/>
                                                <state key="normal" title="사각형"/>
                                                <connections>
                                                    <action selector="btnDrawRectangle:" destination="BYZ-38-t0r" eventType="touchUpInside" id="BR4-S4-qaY"/>
                                                </connections>
                                            </button>
                                            <button opaque="NO" contentMode="scaleToFill" contentHorizontalAlignment="center" contentVerticalAlignment="center" buttonType="system" lineBreakMode="middleTruncation" translatesAutoresizingMaskIntoConstraints="NO" id="W8M-lh-0QM">
                                                <rect key="frame" x="143.33333333333334" y="0.0" width="71.333333333333343" height="40"/>
                                                <constraints>
                                                    <constraint firstAttribute="height" constant="40" id="tCQ-bZ-1q7"/>
                                                </constraints>
                                                <inset key="imageEdgeInsets" minX="0.0" minY="0.0" maxX="2.2250738585072014e-308" maxY="0.0"/>
                                                <state key="normal" title="원"/>
                                                <connections>
                                                    <action selector="btnDrawCircle:" destination="BYZ-38-t0r" eventType="touchUpInside" id="W8a-xH-jPE"/>
                                                </connections>
                                            </button>
                                            <button opaque="NO" contentMode="scaleToFill" contentHorizontalAlignment="center" contentVerticalAlignment="center" buttonType="system" lineBreakMode="middleTruncation" translatesAutoresizingMaskIntoConstraints="NO" id="u9K-t7-qAH">
                                                <rect key="frame" x="214.66666666666666" y="0.0" width="71.666666666666657" height="40"/>
                                                <constraints>
                                                    <constraint firstAttribute="height" constant="40" id="w1c-1e-ASe"/>
                                                </constraints>
                                                <inset key="imageEdgeInsets" minX="0.0" minY="0.0" maxX="2.2250738585072014e-308" maxY="0.0"/>
                                                <state key="normal" title="호"/>
                                                <connections>
                                                    <action selector="btnDrawArc:" destination="BYZ-38-t0r" eventType="touchUpInside" id="tpf-ut-pwn"/>
                                                </connections>
                                            </button>
                                            <button opaque="NO" contentMode="scaleToFill" contentHorizontalAlignment="center" contentVerticalAlignment="center" buttonType="system" lineBreakMode="middleTruncation" translatesAutoresizingMaskIntoConstraints="NO" id="BOI-Yl-ic5">
                                                <rect key="frame" x="286.33333333333331" y="0.0" width="71.666666666666686" height="40"/>
                                                <constraints>
                                                    <constraint firstAttribute="height" constant="40" id="qdu-Dv-Cm9"/>
                                                </constraints>
                                                <inset key="imageEdgeInsets" minX="0.0" minY="0.0" maxX="2.2250738585072014e-308" maxY="0.0"/>
                                                <state key="normal" title="채우기"/>
                                                <connections>
                                                    <action selector="btnDrawFill:" destination="BYZ-38-t0r" eventType="touchUpInside" id="ln4-eq-C4q"/>
                                                </connections>
                                            </button>
                                        </subviews>
                                    </stackView>
                                    <imageView clipsSubviews="YES" userInteractionEnabled="NO" contentMode="scaleAspectFit" horizontalHuggingPriority="251" verticalHuggingPriority="251" translatesAutoresizingMaskIntoConstraints="NO" id="a1k-qC-Xfr">
                                        <rect key="frame" x="0.0" y="40" width="358" height="726"/>
                                    </imageView>
                                </subviews>
                            </stackView>
                        </subviews>
                        <viewLayoutGuide key="safeArea" id="6Tk-OE-BBY"/>
                        <color key="backgroundColor" systemColor="systemBackgroundColor"/>
                        <constraints>
                            <constraint firstItem="hbc-Kr-jc4" firstAttribute="top" secondItem="6Tk-OE-BBY" secondAttribute="top" id="QEj-ZG-1ME"/>
                            <constraint firstItem="6Tk-OE-BBY" firstAttribute="trailing" secondItem="hbc-Kr-jc4" secondAttribute="trailing" constant="16" id="TLe-QS-ean"/>
                            <constraint firstItem="6Tk-OE-BBY" firstAttribute="bottom" secondItem="hbc-Kr-jc4" secondAttribute="bottom" id="ccd-uW-cer"/>
                            <constraint firstItem="hbc-Kr-jc4" firstAttribute="leading" secondItem="6Tk-OE-BBY" secondAttribute="leading" constant="16" id="zln-S8-0OK"/>
                        </constraints>
                    </view>
                    <connections>
                        <outlet property="imgView" destination="a1k-qC-Xfr" id="yUX-ky-x7n"/>
                    </connections>
                </viewController>
                <placeholder placeholderIdentifier="IBFirstResponder" id="dkx-z0-nzr" sceneMemberID="firstResponder"/>
            </objects>
            <point key="canvasLocation" x="-23" y="64"/>
        </scene>
    </scenes>
    <resources>
        <systemColor name="systemBackgroundColor">
            <color white="1" alpha="1" colorSpace="custom" customColorSpace="genericGamma22GrayColorSpace"/>
        </systemColor>
    </resources>
</document>
